{"cameraMode":{"drawMode":0,"name":"Shaded","section":"Shading Mode"},"sceneLighting":false,"audioPlay":false,"sceneViewState":{"showFog":true,"showMaterialUpdate":false,"showSkybox":true,"showFlares":true,"showImageEffects":true,"showParticleSystems":true},"in2DMode":false,"pivot":{"x":172.69224548339845,"y":162.25277709960938,"z":25.183006286621095},"rotation":{"x":-0.06326734274625778,"y":0.0005959300324320793,"z":-0.00003770034891203977,"w":-0.9979966282844544},"size":132.16934204101563,"orthographic":false}